,Deposit_Date,Month,Year,Program_Desc_Final
4,2022-01-11 00:00:00,2022-01,2022,Real Estate Development - MS
10,2022-06-30 00:00:00,2022-06,2022,Management - MS
15,2019-07-28 00:00:00,2019-07,2019,Business Administration - MBA
16,2020-10-29 00:00:00,2020-10,2020,Real Estate Development - MS
19,2020-04-13 00:00:00,2020-04,2020,Management - MS
20,2021-03-11 00:00:00,2021-03,2021,Business Administration - MBA
21,2021-07-21 00:00:00,2021-07,2021,Accounting MS
22,2022-05-26 00:00:00,2022-05,2022,Finance - MS
24,2021-02-28 00:00:00,2021-02,2021,Accounting MS
25,2019-08-06 00:00:00,2019-08,2019,Business Administration - MBA
26,2021-03-08 00:00:00,2021-03,2021,Business Administration - MBA
30,2019-07-15 00:00:00,2019-07,2019,Business Administration - MBA
31,2022-07-25 00:00:00,2022-07,2022,Accounting MS
36,2020-05-29 00:00:00,2020-05,2020,Business Administration - MBA
37,2022-03-01 00:00:00,2022-03,2022,Business - PHD
38,2021-10-12 00:00:00,2021-10,2021,Technology Management - MS
39,2019-05-18 00:00:00,2019-05,2019,Business Administration - MBA
44,2019-08-05 00:00:00,2019-08,2019,Real Estate Development - MS
45,2022-06-05 00:00:00,2022-06,2022,Accounting MS
47,2020-07-05 00:00:00,2020-07,2020,Business Administration - MBA
54,2019-07-24 00:00:00,2019-07,2019,Business Administration - MBA
58,2021-03-18 00:00:00,2021-03,2021,Accounting MS
59,2022-06-04 00:00:00,2022-06,2022,Business Administration - MBA
61,2022-06-06 00:00:00,2022-06,2022,Management - MS
65,2022-04-26 00:00:00,2022-04,2022,Accounting MS
66,2019-10-28 00:00:00,2019-10,2019,Real Estate Development - MS
67,2021-02-17 00:00:00,2021-02,2021,Accounting MS
68,2020-05-30 00:00:00,2020-05,2020,Management - MS
69,2020-05-04 00:00:00,2020-05,2020,Accounting MS
70,2020-08-10 00:00:00,2020-08,2020,Business Administration - MBA
76,2022-02-28 00:00:00,2022-02,2022,Business Administration - MBA
82,2022-07-18 00:00:00,2022-07,2022,Business Administration - MBA
83,2021-02-01 00:00:00,2021-02,2021,Accounting MS
85,2021-08-16 00:00:00,2021-08,2021,Management - MS
86,2020-06-24 00:00:00,2020-06,2020,Real Estate Development - MS
87,2021-12-09 00:00:00,2021-12,2021,Accounting MS
90,2020-07-13 00:00:00,2020-07,2020,Business Administration - MBA
92,2020-08-09 00:00:00,2020-08,2020,Business Administration - MBA
99,2020-04-30 00:00:00,2020-04,2020,Business Administration - MBA
100,2022-05-24 00:00:00,2022-05,2022,Management - MS
102,2020-05-20 00:00:00,2020-05,2020,Business Administration - MBA
103,2020-08-10 00:00:00,2020-08,2020,Real Estate Development - MS
107,2019-05-13 00:00:00,2019-05,2019,Business Administration - MBA
108,2020-04-23 00:00:00,2020-04,2020,Accounting MS
109,2019-07-26 00:00:00,2019-07,2019,Business Administration - MBA
111,2022-05-18 00:00:00,2022-05,2022,Business Administration - MBA
112,2020-02-17 00:00:00,2020-02,2020,Business Administration - MBA
116,2020-08-14 00:00:00,2020-08,2020,Management - MS
117,2022-06-06 00:00:00,2022-06,2022,Business Administration - MBA
120,2020-11-06 00:00:00,2020-11,2020,Real Estate Development - MS
124,2019-04-29 00:00:00,2019-04,2019,Management - MS
127,2019-12-22 00:00:00,2019-12,2019,Business Administration - MBA
129,2019-04-22 00:00:00,2019-04,2019,Business Administration - MBA
130,2019-07-30 00:00:00,2019-07,2019,Business Administration - MBA
132,2021-07-26 00:00:00,2021-07,2021,Finance - MS
136,2020-05-09 00:00:00,2020-05,2020,Accounting MS
138,2020-07-12 00:00:00,2020-07,2020,Real Estate Development - MS
139,2021-07-31 00:00:00,2021-07,2021,Accounting MS
145,2020-04-26 00:00:00,2020-04,2020,Accounting MS
152,2021-07-01 00:00:00,2021-07,2021,Accounting MS
153,2019-12-17 00:00:00,2019-12,2019,Technology Management - MS
154,2020-10-29 00:00:00,2020-10,2020,Technology Management - MS
155,2020-05-07 00:00:00,2020-05,2020,Business Administration - MBA
156,2022-08-11 00:00:00,2022-08,2022,Business - PHD
157,2020-04-29 00:00:00,2020-04,2020,Accounting MS
158,2020-05-19 00:00:00,2020-05,2020,Business Administration - MBA
159,2021-08-03 00:00:00,2021-08,2021,Accounting MS
160,2022-08-14 00:00:00,2022-08,2022,Real Estate Development - MS
161,2020-08-07 00:00:00,2020-08,2020,Management - MS
162,2022-05-04 00:00:00,2022-05,2022,Business Administration - MBA
170,2019-11-15 00:00:00,2019-11,2019,Business Administration - MBA
172,2019-04-10 00:00:00,2019-04,2019,Accounting MS
173,2021-03-16 00:00:00,2021-03,2021,Real Estate Development - MS
174,2019-03-08 00:00:00,2019-03,2019,Business Administration - MBA
178,2021-04-30 00:00:00,2021-04,2021,Business Administration - MBA
182,2022-05-14 00:00:00,2022-05,2022,Accounting MS
186,2021-02-03 00:00:00,2021-02,2021,Management - MS
187,2019-07-25 00:00:00,2019-07,2019,Real Estate Development - MS
189,2020-02-11 00:00:00,2020-02,2020,Business Administration - MBA
191,2019-08-06 00:00:00,2019-08,2019,Business Administration - MBA
195,2021-11-18 00:00:00,2021-11,2021,Business Administration - MBA
197,2020-07-13 00:00:00,2020-07,2020,Business Administration - MBA
199,2022-05-14 00:00:00,2022-05,2022,Finance - MS
202,2021-07-13 00:00:00,2021-07,2021,Business Administration - MBA
203,2020-04-26 00:00:00,2020-04,2020,Accounting MS
204,2022-05-26 00:00:00,2022-05,2022,Management - MS
206,2020-10-29 00:00:00,2020-10,2020,Technology Management - MS
207,2022-02-07 00:00:00,2022-02,2022,Management - MS
208,2021-06-05 00:00:00,2021-06,2021,Finance - MS
209,2021-04-22 00:00:00,2021-04,2021,Real Estate Development - MS
210,2022-07-15 00:00:00,2022-07,2022,Business Administration - MBA
213,2021-08-04 00:00:00,2021-08,2021,Real Estate Development - MS
215,2021-01-19 00:00:00,2021-01,2021,Accounting MS
216,2019-07-13 00:00:00,2019-07,2019,Accounting MS
217,2022-05-12 00:00:00,2022-05,2022,Accounting MS
218,2019-04-12 00:00:00,2019-04,2019,Business Administration - MBA
222,2022-04-12 00:00:00,2022-04,2022,Management - MS
224,2022-05-20 00:00:00,2022-05,2022,Accounting MS
226,2022-06-29 00:00:00,2022-06,2022,Management - MS
228,2020-12-16 00:00:00,2020-12,2020,Management - MS
229,2022-06-01 00:00:00,2022-06,2022,Management - MS
232,2019-12-04 00:00:00,2019-12,2019,Technology Management - MS
233,2021-03-23 00:00:00,2021-03,2021,Management - MS
234,2019-03-18 00:00:00,2019-03,2019,Business Administration - MBA
238,2021-07-28 00:00:00,2021-07,2021,Accounting MS
239,2021-08-10 00:00:00,2021-08,2021,Business Administration - MBA
240,2021-03-05 00:00:00,2021-03,2021,Management - MS
242,2022-05-13 00:00:00,2022-05,2022,Accounting MS
244,2021-07-09 00:00:00,2021-07,2021,Technology Management - MS
246,2022-05-18 00:00:00,2022-05,2022,Accounting MS
247,2022-08-15 00:00:00,2022-08,2022,Real Estate Development - MS
248,2022-02-11 00:00:00,2022-02,2022,Accounting MS
250,2022-02-19 00:00:00,2022-02,2022,Business Administration - MBA
252,2021-07-16 00:00:00,2021-07,2021,Management - MS
255,2021-06-28 00:00:00,2021-06,2021,Business Administration - MBA
259,2022-02-02 00:00:00,2022-02,2022,Accounting MS
261,2020-07-14 00:00:00,2020-07,2020,Technology Management - MS
263,2021-11-02 00:00:00,2021-11,2021,Finance - MS
264,2020-04-24 00:00:00,2020-04,2020,Business Administration - MBA
265,2021-05-13 00:00:00,2021-05,2021,Business Administration - MBA
268,2021-03-30 00:00:00,2021-03,2021,Business Administration - MBA
269,2022-06-05 00:00:00,2022-06,2022,Accounting MS
271,2020-04-17 00:00:00,2020-04,2020,Management - MS
273,2022-05-16 00:00:00,2022-05,2022,Management - MS
275,2022-08-03 00:00:00,2022-08,2022,Business Administration - MBA
277,2021-03-07 00:00:00,2021-03,2021,Business Administration - MBA
278,2022-03-04 00:00:00,2022-03,2022,Business Administration - MBA
281,2022-07-11 00:00:00,2022-07,2022,Technology Management - MS
283,2020-05-11 00:00:00,2020-05,2020,Real Estate Development - MS
285,2022-04-23 00:00:00,2022-04,2022,Business Administration - MBA
294,2022-03-17 00:00:00,2022-03,2022,Finance - MS
295,2019-07-23 00:00:00,2019-07,2019,Business Administration - MBA
297,2022-04-22 00:00:00,2022-04,2022,Business Administration - MBA
299,2020-05-31 00:00:00,2020-05,2020,Management - MS
302,2019-04-29 00:00:00,2019-04,2019,Accounting MS
305,2020-08-09 00:00:00,2020-08,2020,Business Administration - MBA
306,2020-07-10 00:00:00,2020-07,2020,Management - MS
307,2019-07-22 00:00:00,2019-07,2019,Business Administration - MBA
308,2021-07-02 00:00:00,2021-07,2021,Business Administration - MBA
309,2019-05-30 00:00:00,2019-05,2019,Business Administration - MBA
310,2020-06-22 00:00:00,2020-06,2020,Business Administration - MBA
312,2020-08-01 00:00:00,2020-08,2020,Accounting MS
314,2022-02-28 00:00:00,2022-02,2022,Business Administration - MBA
317,2021-01-22 00:00:00,2021-01,2021,Business Administration - MBA
319,2019-12-18 00:00:00,2019-12,2019,Real Estate Development - MS
320,2020-01-25 00:00:00,2020-01,2020,Business Administration - MBA
321,2020-07-14 00:00:00,2020-07,2020,Business Administration - MBA
322,2020-05-17 00:00:00,2020-05,2020,Accounting MS
323,2019-06-09 00:00:00,2019-06,2019,Accounting MS
328,2021-08-09 00:00:00,2021-08,2021,Business Administration - MBA
329,2019-12-21 00:00:00,2019-12,2019,Real Estate Development - MS
332,2020-08-04 00:00:00,2020-08,2020,Business Administration - MBA
333,2022-03-24 00:00:00,2022-03,2022,Business Administration - MBA
335,2022-08-05 00:00:00,2022-08,2022,Business Administration - MBA
336,2019-07-23 00:00:00,2019-07,2019,Business Administration - MBA
337,2019-07-07 00:00:00,2019-07,2019,Accounting MS
338,2021-08-01 00:00:00,2021-08,2021,Finance - MS
340,2022-05-10 00:00:00,2022-05,2022,Real Estate Development - MS
349,2022-08-15 00:00:00,2022-08,2022,Management - MS
350,2022-02-10 00:00:00,2022-02,2022,Accounting MS
351,2020-12-06 00:00:00,2020-12,2020,Technology Management - MS
352,2020-07-04 00:00:00,2020-07,2020,Accounting MS
353,2020-02-18 00:00:00,2020-02,2020,Technology Management - MS
356,2019-08-13 00:00:00,2019-08,2019,Accounting MS
357,2019-05-20 00:00:00,2019-05,2019,Management - MS
359,2021-05-28 00:00:00,2021-05,2021,Accounting MS
361,2021-11-04 00:00:00,2021-11,2021,Business Administration - MBA
362,2021-08-01 00:00:00,2021-08,2021,Management - MS
372,2019-07-17 00:00:00,2019-07,2019,Technology Management - MS
374,2022-07-19 00:00:00,2022-07,2022,Real Estate Development - MS
375,2020-02-24 00:00:00,2020-02,2020,Business Administration - MBA
379,2022-02-20 00:00:00,2022-02,2022,Business Administration - MBA
380,2020-03-13 00:00:00,2020-03,2020,Business Administration - MBA
384,2019-07-23 00:00:00,2019-07,2019,Management - MS
390,2021-06-28 00:00:00,2021-06,2021,Business Administration - MBA
391,2019-07-15 00:00:00,2019-07,2019,Business Administration - MBA
392,2021-01-06 00:00:00,2021-01,2021,Technology Management - MS
398,2019-08-21 00:00:00,2019-08,2019,Accounting MS
402,2021-09-23 00:00:00,2021-09,2021,Accounting MS
407,2021-11-29 00:00:00,2021-11,2021,Technology Management - MS
408,2020-03-24 00:00:00,2020-03,2020,Real Estate Development - MS
411,2021-09-28 00:00:00,2021-09,2021,Technology Management - MS
412,2020-11-19 00:00:00,2020-11,2020,Real Estate Development - MS
415,2020-02-11 00:00:00,2020-02,2020,Business Administration - MBA
416,2020-04-10 00:00:00,2020-04,2020,Accounting MS
421,2019-08-11 00:00:00,2019-08,2019,Business Administration - MBA
425,2019-11-26 00:00:00,2019-11,2019,Business Administration - MBA
426,2022-01-13 00:00:00,2022-01,2022,Technology Management - MS
429,2022-05-29 00:00:00,2022-05,2022,Accounting MS
432,2019-05-31 00:00:00,2019-05,2019,Accounting MS
434,2020-06-30 00:00:00,2020-06,2020,Management - MS
439,2022-07-28 00:00:00,2022-07,2022,Accounting MS
443,2019-03-12 00:00:00,2019-03,2019,Management - MS
444,2021-04-05 00:00:00,2021-04,2021,Accounting MS
448,2021-06-29 00:00:00,2021-06,2021,Business Administration - MBA
449,2020-05-31 00:00:00,2020-05,2020,Business Administration - MBA
450,2020-06-30 00:00:00,2020-06,2020,Accounting MS
453,2021-01-25 00:00:00,2021-01,2021,Business Administration - MBA
454,2020-11-14 00:00:00,2020-11,2020,Business Administration - MBA
459,2022-07-26 00:00:00,2022-07,2022,Technology Management - MS
460,2019-07-17 00:00:00,2019-07,2019,Business Administration - MBA
461,2022-04-18 00:00:00,2022-04,2022,Real Estate Development - MS
463,2021-02-24 00:00:00,2021-02,2021,Business Administration - MBA
465,2022-03-08 00:00:00,2022-03,2022,Management - MS
468,2020-01-09 00:00:00,2020-01,2020,Technology Management - MS
469,2021-01-25 00:00:00,2021-01,2021,Accounting MS
472,2021-11-29 00:00:00,2021-11,2021,Technology Management - MS
474,2019-04-08 00:00:00,2019-04,2019,Business Administration - MBA
475,2020-08-01 00:00:00,2020-08,2020,Business Administration - MBA
479,2021-05-24 00:00:00,2021-05,2021,Business Administration - MBA
481,2019-05-10 00:00:00,2019-05,2019,Business Administration - MBA
487,2020-08-12 00:00:00,2020-08,2020,Real Estate Development - MS
488,2020-02-24 00:00:00,2020-02,2020,Accounting MS
489,2020-04-30 00:00:00,2020-04,2020,Business Administration - MBA
490,2022-07-03 00:00:00,2022-07,2022,Accounting MS
491,2022-06-15 00:00:00,2022-06,2022,Accounting MS
492,2020-07-16 00:00:00,2020-07,2020,Accounting MS
493,2019-07-29 00:00:00,2019-07,2019,Business Administration - MBA
494,2019-03-29 00:00:00,2019-03,2019,Business Administration - MBA
499,2022-07-18 00:00:00,2022-07,2022,Technology Management - MS
500,2022-05-17 00:00:00,2022-05,2022,Accounting MS
501,2022-06-14 00:00:00,2022-06,2022,Business Administration - MBA
504,2019-10-25 00:00:00,2019-10,2019,Technology Management - MS
505,2019-08-12 00:00:00,2019-08,2019,Accounting MS
508,2021-06-15 00:00:00,2021-06,2021,Business Administration - MBA
510,2019-03-28 00:00:00,2019-03,2019,Business Administration - MBA
513,2021-07-07 00:00:00,2021-07,2021,Business Administration - MBA
517,2021-05-19 00:00:00,2021-05,2021,Business Administration - MBA
520,2020-08-04 00:00:00,2020-08,2020,Business Administration - MBA
525,2022-04-14 00:00:00,2022-04,2022,Business Administration - MBA
528,2021-08-12 00:00:00,2021-08,2021,Business Administration - MBA
536,2022-05-23 00:00:00,2022-05,2022,Business Administration - MBA
537,2021-08-07 00:00:00,2021-08,2021,Accounting MS
539,2020-07-10 00:00:00,2020-07,2020,Business Administration - MBA
541,2020-04-28 00:00:00,2020-04,2020,Business Administration - MBA
542,2021-12-04 00:00:00,2021-12,2021,Technology Management - MS
544,2019-09-16 00:00:00,2019-09,2019,Technology Management - MS
547,2020-11-19 00:00:00,2020-11,2020,Real Estate Development - MS
548,2022-02-15 00:00:00,2022-02,2022,Accounting MS
549,2021-04-10 00:00:00,2021-04,2021,Accounting MS
550,2020-08-12 00:00:00,2020-08,2020,Accounting MS
551,2022-04-02 00:00:00,2022-04,2022,Accounting MS
552,2020-07-13 00:00:00,2020-07,2020,Business Administration - MBA
554,2021-07-28 00:00:00,2021-07,2021,Accounting MS
556,2021-02-21 00:00:00,2021-02,2021,Real Estate Development - MS
564,2019-07-01 00:00:00,2019-07,2019,Management - MS
568,2020-07-02 00:00:00,2020-07,2020,Accounting MS
570,2021-12-07 00:00:00,2021-12,2021,Accounting MS
572,2022-04-08 00:00:00,2022-04,2022,Finance - MS
573,2022-02-12 00:00:00,2022-02,2022,Accounting MS
574,2022-03-29 00:00:00,2022-03,2022,Business Administration - MBA
576,2021-06-06 00:00:00,2021-06,2021,Management - MS
577,2021-01-05 00:00:00,2021-01,2021,Technology Management - MS
578,2022-06-09 00:00:00,2022-06,2022,Real Estate Development - MS
581,2020-02-22 00:00:00,2020-02,2020,Real Estate Development - MS
584,2020-05-29 00:00:00,2020-05,2020,Business Administration - MBA
587,2021-09-21 00:00:00,2021-09,2021,Accounting MS
588,2021-05-31 00:00:00,2021-05,2021,Accounting MS
589,2020-05-16 00:00:00,2020-05,2020,Business Administration - MBA
591,2022-08-02 00:00:00,2022-08,2022,Finance - MS
592,2021-01-31 00:00:00,2021-01,2021,Business Administration - MBA
595,2020-03-24 00:00:00,2020-03,2020,Business Administration - MBA
600,2019-08-14 00:00:00,2019-08,2019,Real Estate Development - MS
602,2021-04-21 00:00:00,2021-04,2021,Accounting MS
603,2021-06-10 00:00:00,2021-06,2021,Business Administration - MBA
604,2019-05-17 00:00:00,2019-05,2019,Business Administration - MBA
605,2020-05-12 00:00:00,2020-05,2020,Business Administration - MBA
606,2022-03-27 00:00:00,2022-03,2022,Business Administration - MBA
607,2022-03-12 00:00:00,2022-03,2022,Management - MS
608,2021-03-03 00:00:00,2021-03,2021,Accounting MS
611,2022-04-04 00:00:00,2022-04,2022,Business Administration - MBA
612,2019-07-02 00:00:00,2019-07,2019,Business Administration - MBA
619,2022-05-11 00:00:00,2022-05,2022,Accounting MS
622,2019-05-19 00:00:00,2019-05,2019,Business Administration - MBA
625,2020-08-16 00:00:00,2020-08,2020,Accounting MS
629,2021-04-12 00:00:00,2021-04,2021,Business Administration - MBA
630,2021-04-07 00:00:00,2021-04,2021,Accounting MS
633,2021-03-25 00:00:00,2021-03,2021,Management - MS
635,2020-11-25 00:00:00,2020-11,2020,Technology Management - MS
636,2019-03-12 00:00:00,2019-03,2019,Accounting MS
637,2022-03-31 00:00:00,2022-03,2022,Business Administration - MBA
639,2019-07-04 00:00:00,2019-07,2019,Business Administration - MBA
641,2020-12-16 00:00:00,2020-12,2020,Real Estate Development - MS
642,2019-11-05 00:00:00,2019-11,2019,Business Administration - MBA
643,2021-09-10 00:00:00,2021-09,2021,Management - MS
644,2022-02-11 00:00:00,2022-02,2022,Accounting MS
645,2020-07-31 00:00:00,2020-07,2020,Business Administration - MBA
646,2022-02-20 00:00:00,2022-02,2022,Real Estate Development - MS
647,2019-03-18 00:00:00,2019-03,2019,Business Administration - MBA
652,2022-01-07 00:00:00,2022-01,2022,Technology Management - MS
654,2019-08-08 00:00:00,2019-08,2019,Management - MS
662,2020-12-04 00:00:00,2020-12,2020,Technology Management - MS
665,2022-05-30 00:00:00,2022-05,2022,Management - MS
667,2020-07-05 00:00:00,2020-07,2020,Business Administration - MBA
670,2019-07-15 00:00:00,2019-07,2019,Business Administration - MBA
673,2019-06-17 00:00:00,2019-06,2019,Business Administration - MBA
676,2022-04-21 00:00:00,2022-04,2022,Management - MS
678,2022-01-02 00:00:00,2022-01,2022,Business Administration - MBA
679,2022-07-09 00:00:00,2022-07,2022,Business Administration - MBA
681,2020-03-02 00:00:00,2020-03,2020,Business Administration - MBA
684,2020-02-17 00:00:00,2020-02,2020,Accounting MS
687,2019-07-15 00:00:00,2019-07,2019,Business Administration - MBA
694,2020-12-13 00:00:00,2020-12,2020,Business Administration - MBA
697,2022-06-21 00:00:00,2022-06,2022,Business Administration - MBA
703,2020-10-26 00:00:00,2020-10,2020,Real Estate Development - MS
704,2022-01-27 00:00:00,2022-01,2022,Accounting MS
707,2020-12-09 00:00:00,2020-12,2020,Management - MS
710,2022-04-22 00:00:00,2022-04,2022,Business Administration - MBA
711,2022-01-27 00:00:00,2022-01,2022,Accounting MS
712,2021-02-27 00:00:00,2021-02,2021,Business Administration - MBA
717,2020-02-23 00:00:00,2020-02,2020,Business Administration - MBA
720,2020-04-21 00:00:00,2020-04,2020,Business Administration - MBA
729,2022-07-11 00:00:00,2022-07,2022,Finance - MS
730,2020-11-12 00:00:00,2020-11,2020,Real Estate Development - MS
732,2020-07-31 00:00:00,2020-07,2020,Business Administration - MBA
737,2020-02-14 00:00:00,2020-02,2020,Business Administration - MBA
739,2020-04-07 00:00:00,2020-04,2020,Business Administration - MBA
740,2022-05-16 00:00:00,2022-05,2022,Business Administration - MBA
744,2019-02-28 00:00:00,2019-02,2019,Business Administration - MBA
745,2021-08-05 00:00:00,2021-08,2021,Accounting MS
748,2020-06-24 00:00:00,2020-06,2020,Accounting MS
750,2020-05-11 00:00:00,2020-05,2020,Business Administration - MBA
751,2019-06-13 00:00:00,2019-06,2019,Accounting MS
755,2021-05-29 00:00:00,2021-05,2021,Accounting MS
756,2019-12-10 00:00:00,2019-12,2019,Technology Management - MS
757,2022-01-07 00:00:00,2022-01,2022,Technology Management - MS
761,2022-01-07 00:00:00,2022-01,2022,Real Estate Development - MS
762,2019-07-13 00:00:00,2019-07,2019,Management - MS
768,2022-05-13 00:00:00,2022-05,2022,Business Administration - MBA
773,2019-03-18 00:00:00,2019-03,2019,Accounting MS
775,2019-07-10 00:00:00,2019-07,2019,Business Administration - MBA
777,2022-07-14 00:00:00,2022-07,2022,Business Administration - MBA
779,2019-05-21 00:00:00,2019-05,2019,Business Administration - MBA
781,2020-03-20 00:00:00,2020-03,2020,Business Administration - MBA
782,2021-12-12 00:00:00,2021-12,2021,Real Estate Development - MS
783,2019-07-23 00:00:00,2019-07,2019,Management - MS
784,2020-04-04 00:00:00,2020-04,2020,Business Administration - MBA
786,2021-03-03 00:00:00,2021-03,2021,Accounting MS
789,2021-08-18 00:00:00,2021-08,2021,Finance - MS
792,2020-12-04 00:00:00,2020-12,2020,Management - MS
800,2022-07-23 00:00:00,2022-07,2022,Technology Management - MS
801,2022-05-24 00:00:00,2022-05,2022,Real Estate Development - MS
803,2020-02-24 00:00:00,2020-02,2020,Real Estate Development - MS
812,2020-07-14 00:00:00,2020-07,2020,Technology Management - MS
813,2020-07-01 00:00:00,2020-07,2020,Business Administration - MBA
814,2022-06-03 00:00:00,2022-06,2022,Accounting MS
816,2020-05-30 00:00:00,2020-05,2020,Management - MS
819,2019-11-07 00:00:00,2019-11,2019,Real Estate Development - MS
820,2020-07-31 00:00:00,2020-07,2020,Accounting MS
823,2020-05-10 00:00:00,2020-05,2020,Business Administration - MBA
824,2020-05-18 00:00:00,2020-05,2020,Management - MS
826,2021-11-22 00:00:00,2021-11,2021,Business Administration - MBA
831,2021-02-20 00:00:00,2021-02,2021,Business Administration - MBA
839,2019-03-12 00:00:00,2019-03,2019,Business Administration - MBA
846,2020-06-26 00:00:00,2020-06,2020,Business Administration - MBA
850,2021-06-15 00:00:00,2021-06,2021,Business Administration - MBA
853,2020-07-06 00:00:00,2020-07,2020,Management - MS
854,2022-07-31 00:00:00,2022-07,2022,Accounting MS
855,2020-04-18 00:00:00,2020-04,2020,Management - MS
856,2021-05-18 00:00:00,2021-05,2021,Management - MS
857,2021-02-20 00:00:00,2021-02,2021,Real Estate Development - MS
862,2021-06-08 00:00:00,2021-06,2021,Business Administration - MBA
865,2021-08-16 00:00:00,2021-08,2021,Finance - MS
866,2022-07-14 00:00:00,2022-07,2022,Business Administration - MBA
868,2021-05-02 00:00:00,2021-05,2021,Business Administration - MBA
872,2020-08-11 00:00:00,2020-08,2020,Accounting MS
873,2022-01-06 00:00:00,2022-01,2022,Accounting MS
874,2021-06-06 00:00:00,2021-06,2021,Business Administration - MBA
876,2021-05-20 00:00:00,2021-05,2021,Real Estate Development - MS
881,2019-12-10 00:00:00,2019-12,2019,Real Estate Development - MS
882,2021-12-03 00:00:00,2021-12,2021,Real Estate Development - MS
883,2020-05-20 00:00:00,2020-05,2020,Business Administration - MBA
886,2020-06-16 00:00:00,2020-06,2020,Business Administration - MBA
890,2020-11-14 00:00:00,2020-11,2020,Business Administration - MBA
895,2019-11-30 00:00:00,2019-11,2019,Business Administration - MBA
896,2021-02-21 00:00:00,2021-02,2021,Business Administration - MBA
898,2019-08-28 00:00:00,2019-08,2019,Management - MS
906,2021-08-03 00:00:00,2021-08,2021,Accounting MS
908,2019-07-16 00:00:00,2019-07,2019,Business Administration - MBA
909,2020-12-23 00:00:00,2020-12,2020,Accounting MS
910,2020-07-17 00:00:00,2020-07,2020,Business Administration - MBA
912,2019-08-09 00:00:00,2019-08,2019,Business Administration - MBA
914,2021-04-30 00:00:00,2021-04,2021,Business Administration - MBA
915,2021-07-01 00:00:00,2021-07,2021,Accounting MS
917,2020-06-13 00:00:00,2020-06,2020,Business Administration - MBA
921,2020-12-02 00:00:00,2020-12,2020,Technology Management - MS
922,2021-07-27 00:00:00,2021-07,2021,Business Administration - MBA
924,2021-01-30 00:00:00,2021-01,2021,Accounting MS
928,2019-08-14 00:00:00,2019-08,2019,Real Estate Development - MS
931,2020-03-31 00:00:00,2020-03,2020,Business Administration - MBA
932,2022-01-10 00:00:00,2022-01,2022,Business Administration - MBA
935,2021-03-07 00:00:00,2021-03,2021,Business Administration - MBA
940,2019-07-11 00:00:00,2019-07,2019,Real Estate Development - MS
944,2019-05-31 00:00:00,2019-05,2019,Business Administration - MBA
945,2020-07-21 00:00:00,2020-07,2020,Business Administration - MBA
949,2020-08-07 00:00:00,2020-08,2020,Accounting MS
954,2020-03-03 00:00:00,2020-03,2020,Business Administration - MBA
963,2021-02-19 00:00:00,2021-02,2021,Real Estate Development - MS
964,2019-10-30 00:00:00,2019-10,2019,Technology Management - MS
965,2022-07-26 00:00:00,2022-07,2022,Business Administration - MBA
969,2018-04-28 00:00:00,2018-04,2018,Business Administration - MBA
973,2020-07-21 00:00:00,2020-07,2020,Business Administration - MBA
978,2020-02-22 00:00:00,2020-02,2020,Business Administration - MBA
980,2021-04-21 00:00:00,2021-04,2021,Accounting MS
983,2022-01-07 00:00:00,2022-01,2022,Real Estate Development - MS
984,2022-08-17 00:00:00,2022-08,2022,Finance - MS
987,2022-06-23 00:00:00,2022-06,2022,Technology Management - MS
991,2021-05-26 00:00:00,2021-05,2021,Business Administration - MBA
993,2021-08-04 00:00:00,2021-08,2021,Finance - MS
994,2022-05-04 00:00:00,2022-05,2022,Business Administration - MBA
996,2021-04-22 00:00:00,2021-04,2021,Business Administration - MBA
998,2021-04-26 00:00:00,2021-04,2021,Management - MS
999,2019-07-08 00:00:00,2019-07,2019,Business Administration - MBA
1002,2022-06-14 00:00:00,2022-06,2022,Business Administration - MBA
1005,2022-04-25 00:00:00,2022-04,2022,Technology Management - MS
1009,2021-01-15 00:00:00,2021-01,2021,Accounting MS
1010,2021-08-19 00:00:00,2021-08,2021,Technology Management - MS
1011,2020-02-26 00:00:00,2020-02,2020,Business Administration - MBA
1012,2020-07-01 00:00:00,2020-07,2020,Technology Management - MS
1018,2021-05-10 00:00:00,2021-05,2021,Business Administration - MBA
1019,2021-04-04 00:00:00,2021-04,2021,Business Administration - MBA
1029,2019-04-01 00:00:00,2019-04,2019,Business Administration - MBA
1031,2020-06-16 00:00:00,2020-06,2020,Business Administration - MBA
1032,2021-07-19 00:00:00,2021-07,2021,Management - MS
1033,2019-05-03 00:00:00,2019-05,2019,Accounting MS
1034,2020-03-01 00:00:00,2020-03,2020,Management - MS
1035,2020-03-10 00:00:00,2020-03,2020,Business Administration - MBA
1036,2022-03-07 00:00:00,2022-03,2022,Finance - MS
1037,2019-11-01 00:00:00,2019-11,2019,Business Administration - MBA
1038,2022-06-09 00:00:00,2022-06,2022,Business Administration - MBA
1047,2020-02-29 00:00:00,2020-02,2020,Business Administration - MBA
1048,2022-03-02 00:00:00,2022-03,2022,Management - MS
1050,2021-09-22 00:00:00,2021-09,2021,Real Estate Development - MS
1051,2022-01-07 00:00:00,2022-01,2022,Management - MS
1052,2021-04-17 00:00:00,2021-04,2021,Accounting MS
1053,2020-07-14 00:00:00,2020-07,2020,Business Administration - MBA
1054,2021-01-22 00:00:00,2021-01,2021,Business Administration - MBA
1055,2022-06-15 00:00:00,2022-06,2022,Business Administration - MBA
1056,2021-04-14 00:00:00,2021-04,2021,Real Estate Development - MS
1058,2019-07-31 00:00:00,2019-07,2019,Business Administration - MBA
1060,2019-07-18 00:00:00,2019-07,2019,Business Administration - MBA
1061,2020-10-29 00:00:00,2020-10,2020,Technology Management - MS
1062,2022-07-13 00:00:00,2022-07,2022,Technology Management - MS
1064,2022-05-31 00:00:00,2022-05,2022,Real Estate Development - MS
1065,2022-08-17 00:00:00,2022-08,2022,Management - MS
1069,2020-08-11 00:00:00,2020-08,2020,Business Administration - MBA
1070,2022-07-15 00:00:00,2022-07,2022,Finance - MS
1075,2021-04-16 00:00:00,2021-04,2021,Accounting MS
1076,2022-05-23 00:00:00,2022-05,2022,Business Administration - MBA
1079,2021-08-09 00:00:00,2021-08,2021,Business Administration - MBA
1083,2020-03-29 00:00:00,2020-03,2020,Business Administration - MBA
1084,2021-05-24 00:00:00,2021-05,2021,Business Administration - MBA
1086,2021-08-08 00:00:00,2021-08,2021,Business Administration - MBA
1088,2019-07-08 00:00:00,2019-07,2019,Business Administration - MBA
1089,2022-02-20 00:00:00,2022-02,2022,Business Administration - MBA
1093,2020-08-06 00:00:00,2020-08,2020,Business Administration - MBA
1094,2019-03-21 00:00:00,2019-03,2019,Business Administration - MBA
1096,2021-07-28 00:00:00,2021-07,2021,Business Administration - MBA
1099,2021-02-02 00:00:00,2021-02,2021,Accounting MS
1100,2020-12-14 00:00:00,2020-12,2020,Technology Management - MS
1101,2019-08-21 00:00:00,2019-08,2019,Business Administration - MBA
1105,2022-03-22 00:00:00,2022-03,2022,Management - MS
1107,2021-02-24 00:00:00,2021-02,2021,Management - MS
1108,2019-07-18 00:00:00,2019-07,2019,Business Administration - MBA
1118,2022-05-19 00:00:00,2022-05,2022,Management - MS
1119,2021-04-20 00:00:00,2021-04,2021,Business Administration - MBA
1121,2019-02-18 00:00:00,2019-02,2019,Management - MS
1130,2019-06-03 00:00:00,2019-06,2019,Business Administration - MBA
1133,2020-07-31 00:00:00,2020-07,2020,Real Estate Development - MS
1135,2020-05-01 00:00:00,2020-05,2020,Business Administration - MBA
1141,2020-12-07 00:00:00,2020-12,2020,Real Estate Development - MS
1143,2022-07-10 00:00:00,2022-07,2022,Accounting MS
1144,2021-08-03 00:00:00,2021-08,2021,Finance - MS
1148,2020-06-18 00:00:00,2020-06,2020,Business Administration - MBA
1149,2019-09-28 00:00:00,2019-09,2019,Business Administration - MBA
1155,2019-05-30 00:00:00,2019-05,2019,Accounting MS
1158,2021-03-04 00:00:00,2021-03,2021,Management - MS
1162,2019-04-24 00:00:00,2019-04,2019,Business Administration - MBA
1166,2020-04-22 00:00:00,2020-04,2020,Business Administration - MBA
1167,2021-04-17 00:00:00,2021-04,2021,Accounting MS
1172,2020-09-24 00:00:00,2020-09,2020,Accounting MS
1175,2022-05-30 00:00:00,2022-05,2022,Accounting MS
1180,2021-06-22 00:00:00,2021-06,2021,Management - MS
1182,2021-08-17 00:00:00,2021-08,2021,Technology Management - MS
1183,2021-06-04 00:00:00,2021-06,2021,Finance - MS
1185,2019-07-12 00:00:00,2019-07,2019,Business Administration - MBA
1187,2022-04-04 00:00:00,2022-04,2022,Business Administration - MBA
1190,2019-10-15 00:00:00,2019-10,2019,Technology Management - MS
1191,2022-01-06 00:00:00,2022-01,2022,Technology Management - MS
1192,2019-07-14 00:00:00,2019-07,2019,Business Administration - MBA
1200,2020-03-25 00:00:00,2020-03,2020,Accounting MS
1202,2019-05-17 00:00:00,2019-05,2019,Business Administration - MBA
1207,2022-05-15 00:00:00,2022-05,2022,Management - MS
1229,2020-05-28 00:00:00,2020-05,2020,Technology Management - MS
1232,2022-07-18 14:57:00,2022-07,2022,Real Estate Development - MS
1234,2021-05-06 00:00:00,2021-05,2021,Management - MS
1235,2020-04-30 00:00:00,2020-04,2020,Management - MS
1240,2021-02-08 00:00:00,2021-02,2021,Business Administration - MBA
1244,2021-04-22 00:00:00,2021-04,2021,Business Administration - MBA
1246,2018-03-05 00:00:00,2018-03,2018,Business Administration - MBA
1248,2021-07-13 00:00:00,2021-07,2021,Accounting MS
1251,2021-06-16 00:00:00,2021-06,2021,Business Administration - MBA
1252,2021-07-20 00:00:00,2021-07,2021,Real Estate Development - MS
1255,2022-07-01 13:07:00,2022-07,2022,Business Administration - MBA
1259,2019-06-25 00:00:00,2019-06,2019,Accounting MS
1262,2020-03-24 00:00:00,2020-03,2020,Real Estate Development - MS
1264,2019-04-26 00:00:00,2019-04,2019,Accounting MS
1267,2019-11-29 00:00:00,2019-11,2019,Real Estate Development - MS
1272,2020-07-06 00:00:00,2020-07,2020,Business Administration - MBA
1273,2021-06-28 00:00:00,2021-06,2021,Business Administration - MBA
1274,2020-06-15 00:00:00,2020-06,2020,Business Administration - MBA
1275,2022-06-17 00:00:00,2022-06,2022,Business Administration - MBA
1282,2019-03-15 00:00:00,2019-03,2019,Accounting MS
1283,2022-07-04 00:00:00,2022-07,2022,Accounting MS
1289,2022-02-22 00:00:00,2022-02,2022,Business Administration - MBA
1292,2019-12-10 00:00:00,2019-12,2019,Accounting MS
1295,2020-03-26 00:00:00,2020-03,2020,Accounting MS
1296,2020-06-03 00:00:00,2020-06,2020,Business Administration - MBA
1299,2021-12-20 00:00:00,2021-12,2021,Technology Management - MS
1300,2021-12-12 00:00:00,2021-12,2021,Accounting MS
1303,2021-06-06 00:00:00,2021-06,2021,Accounting MS
1306,2019-04-30 00:00:00,2019-04,2019,Business Administration - MBA
1308,2022-08-16 00:00:00,2022-08,2022,Management - MS
1312,2022-06-02 00:00:00,2022-06,2022,Business Administration - MBA
1315,2021-08-11 07:52:00,2021-08,2021,Business Administration - MBA
1317,2022-03-07 00:00:00,2022-03,2022,Real Estate Development - MS
1320,2020-05-21 00:00:00,2020-05,2020,Business Administration - MBA
1322,2022-04-14 17:50:00,2022-04,2022,Business Administration - MBA
1325,2020-06-22 00:00:00,2020-06,2020,Management - MS
1328,2019-11-08 00:00:00,2019-11,2019,Business Administration - MBA
1329,2022-04-28 00:00:00,2022-04,2022,Finance - MS
1333,2020-04-30 00:00:00,2020-04,2020,Business Administration - MBA
1335,2019-07-14 00:00:00,2019-07,2019,Business Administration - MBA
1337,2019-04-22 00:00:00,2019-04,2019,Business Administration - MBA
1339,2020-06-15 00:00:00,2020-06,2020,Management - MS
1343,2020-11-12 00:00:00,2020-11,2020,Real Estate Development - MS
1345,2020-03-19 00:00:00,2020-03,2020,Business Administration - MBA
1349,2020-07-28 00:00:00,2020-07,2020,Business Administration - MBA
1351,2021-04-26 00:00:00,2021-04,2021,Management - MS
1353,2022-07-29 00:00:00,2022-07,2022,Business Administration - MBA
1355,2019-12-26 00:00:00,2019-12,2019,Business Administration - MBA
1361,2019-05-08 00:00:00,2019-05,2019,Business Administration - MBA
1362,2022-02-15 00:00:00,2022-02,2022,Accounting MS
1364,2019-05-07 00:00:00,2019-05,2019,Business Administration - MBA
1366,2019-07-15 00:00:00,2019-07,2019,Business Administration - MBA
1369,2021-08-15 10:20:00,2021-08,2021,Finance - MS
1370,2022-05-23 00:00:00,2022-05,2022,Business Administration - MBA
1371,2019-11-24 00:00:00,2019-11,2019,Accounting MS
1372,2020-12-29 00:00:00,2020-12,2020,Accounting MS
1373,2019-06-24 00:00:00,2019-06,2019,Business Administration - MBA
1377,2020-10-29 00:00:00,2020-10,2020,Technology Management - MS
1379,2018-02-16 00:00:00,2018-02,2018,Business Administration - MBA
1380,2022-04-07 00:00:00,2022-04,2022,Real Estate Development - MS
1381,2021-08-05 15:48:00,2021-08,2021,Finance - MS
1385,2021-08-15 00:00:00,2021-08,2021,Management - MS
1386,2020-03-02 00:00:00,2020-03,2020,Business Administration - MBA
1388,2022-06-14 00:00:00,2022-06,2022,Management - MS
1390,2022-03-12 00:00:00,2022-03,2022,Accounting MS
1398,2019-11-09 00:00:00,2019-11,2019,Technology Management - MS
1400,2020-12-30 00:00:00,2020-12,2020,Technology Management - MS
1403,2021-06-10 10:57:00,2021-06,2021,Business Administration - MBA
1406,2022-03-21 00:00:00,2022-03,2022,Business Administration - MBA
1408,2021-10-25 00:00:00,2021-10,2021,Business Administration - MBA
1410,2020-11-08 00:00:00,2020-11,2020,Real Estate Development - MS
1414,2019-12-30 00:00:00,2019-12,2019,Technology Management - MS
1417,2021-05-12 00:00:00,2021-05,2021,Accounting MS
1418,2022-01-29 00:00:00,2022-01,2022,Business Administration - MBA
1419,2020-04-30 00:00:00,2020-04,2020,Management - MS
1423,2021-06-10 00:00:00,2021-06,2021,Business Administration - MBA
1424,2019-04-18 00:00:00,2019-04,2019,Business Administration - MBA
1426,2020-09-24 00:00:00,2020-09,2020,Accounting MS
1429,2021-12-06 00:00:00,2021-12,2021,Technology Management - MS
1433,2019-12-17 00:00:00,2019-12,2019,Technology Management - MS
1440,2022-05-12 09:33:00,2022-05,2022,Business Administration - MBA
1441,2022-04-29 00:00:00,2022-04,2022,Accounting MS
1443,2021-04-08 00:00:00,2021-04,2021,Business Administration - MBA
1447,2021-06-04 00:00:00,2021-06,2021,Accounting MS
1449,2021-02-12 00:00:00,2021-02,2021,Business Administration - MBA
1453,2021-04-09 00:00:00,2021-04,2021,Business Administration - MBA
1455,2019-05-12 00:00:00,2019-05,2019,Business Administration - MBA
1459,2021-07-23 00:00:00,2021-07,2021,Business Administration - MBA
1464,2020-07-29 00:00:00,2020-07,2020,Business Administration - MBA
1465,2021-02-13 00:00:00,2021-02,2021,Accounting MS
1468,2018-02-08 00:00:00,2018-02,2018,Business Administration - MBA
1472,2022-06-28 00:00:00,2022-06,2022,Business Administration - MBA
1477,2022-08-12 00:00:00,2022-08,2022,Finance - MS
1478,2021-04-29 00:00:00,2021-04,2021,Business Administration - MBA
1479,2022-04-05 00:00:00,2022-04,2022,Real Estate Development - MS
1480,2019-07-10 00:00:00,2019-07,2019,Business Administration - MBA
1481,2021-04-29 00:00:00,2021-04,2021,Management - MS
1482,2021-01-13 00:00:00,2021-01,2021,Technology Management - MS
1488,2020-07-31 00:00:00,2020-07,2020,Business Administration - MBA
1491,2021-04-30 00:00:00,2021-04,2021,Business Administration - MBA
1492,2020-02-19 00:00:00,2020-02,2020,Management - MS
1493,2019-05-13 00:00:00,2019-05,2019,Accounting MS
1495,2019-12-17 00:00:00,2019-12,2019,Technology Management - MS
1496,2021-06-20 00:00:00,2021-06,2021,Business Administration - MBA
1497,2019-08-07 00:00:00,2019-08,2019,Business Administration - MBA
1499,2022-05-01 00:00:00,2022-05,2022,Business Administration - MBA
1503,2022-03-17 00:00:00,2022-03,2022,Accounting MS
1504,2021-08-09 17:00:00,2021-08,2021,Finance - MS
1507,2020-05-24 00:00:00,2020-05,2020,Business Administration - MBA
1508,2020-07-01 00:00:00,2020-07,2020,Management - MS
1510,2019-07-11 00:00:00,2019-07,2019,Accounting MS
1514,2020-06-24 00:00:00,2020-06,2020,Business Administration - MBA
1516,2021-05-24 15:26:00,2021-05,2021,Business Administration - MBA
1517,2019-10-21 00:00:00,2019-10,2019,Business Administration - MBA
1529,2020-04-28 00:00:00,2020-04,2020,Business Administration - MBA
1532,2022-05-16 00:00:00,2022-05,2022,Management - MS
1533,2019-07-20 00:00:00,2019-07,2019,Business Administration - MBA
1535,2022-01-07 00:00:00,2022-01,2022,Real Estate Development - MS
1545,2019-07-03 00:00:00,2019-07,2019,Business Administration - MBA
1548,2020-02-12 00:00:00,2020-02,2020,Business Administration - MBA
1551,2022-04-04 15:28:00,2022-04,2022,Finance - MS
1561,2022-01-28 18:10:00,2022-01,2022,Business Administration - MBA
1563,2021-10-04 00:00:00,2021-10,2021,Accounting MS
1566,2022-08-16 00:00:00,2022-08,2022,Business Administration - MBA
1570,2020-07-24 00:00:00,2020-07,2020,Business Administration - MBA
1572,2018-04-10 00:00:00,2018-04,2018,Business Administration - MBA
1573,2020-03-13 00:00:00,2020-03,2020,Business Administration - MBA
1574,2022-04-27 00:00:00,2022-04,2022,Finance - MS
1577,2021-09-20 00:00:00,2021-09,2021,Real Estate Development - MS
1579,2021-02-24 00:00:00,2021-02,2021,Business Administration - MBA
1584,2021-07-21 00:00:00,2021-07,2021,Management - MS
1585,2020-04-17 00:00:00,2020-04,2020,Accounting MS
1586,2022-03-08 11:01:00,2022-03,2022,Management - MS
1588,2020-06-02 00:00:00,2020-06,2020,Business Administration - MBA
1590,2022-04-18 00:00:00,2022-04,2022,Management - MS
1591,2020-11-25 00:00:00,2020-11,2020,Real Estate Development - MS
1592,2020-06-30 00:00:00,2020-06,2020,Real Estate Development - MS
1595,2019-03-01 00:00:00,2019-03,2019,Business Administration - MBA
1596,2020-04-19 00:00:00,2020-04,2020,Management - MS
1602,2019-07-09 00:00:00,2019-07,2019,Management - MS
1605,2020-06-20 00:00:00,2020-06,2020,Business Administration - MBA
1607,2022-08-12 00:00:00,2022-08,2022,Accounting MS
1608,2021-03-08 19:00:00,2021-03,2021,Business Administration - MBA
1611,2019-03-07 00:00:00,2019-03,2019,Business Administration - MBA
1612,2020-07-24 00:00:00,2020-07,2020,Business Administration - MBA
1615,2021-02-19 00:00:00,2021-02,2021,Business Administration - MBA
1621,2020-12-15 00:00:00,2020-12,2020,Technology Management - MS
1624,2022-07-27 00:00:00,2022-07,2022,Accounting MS
1628,2021-08-03 00:00:00,2021-08,2021,Accounting MS
1633,2019-07-30 00:00:00,2019-07,2019,Accounting MS
1644,2020-07-29 00:00:00,2020-07,2020,Accounting MS
1646,2021-05-31 00:00:00,2021-05,2021,Real Estate Development - MS
1652,2021-03-17 12:14:00,2021-03,2021,Business Administration - MBA
1654,2021-05-17 00:00:00,2021-05,2021,Management - MS
1655,2019-05-12 00:00:00,2019-05,2019,Accounting MS
1656,2021-08-06 14:30:00,2021-08,2021,Finance - MS
1658,2019-02-18 00:00:00,2019-02,2019,Business Administration - MBA
1660,2022-04-20 00:00:00,2022-04,2022,Accounting MS
1663,2022-01-07 00:00:00,2022-01,2022,Technology Management - MS
1664,2022-04-19 00:00:00,2022-04,2022,Accounting MS
1665,2019-03-20 00:00:00,2019-03,2019,Business Administration - MBA
1668,2021-10-27 00:00:00,2021-10,2021,Real Estate Development - MS
1670,2019-12-17 00:00:00,2019-12,2019,Technology Management - MS
1672,2021-08-08 00:00:00,2021-08,2021,Business Administration - MBA
1673,2021-08-06 19:40:00,2021-08,2021,Finance - MS
1674,2021-05-09 00:00:00,2021-05,2021,Management - MS
1677,2020-07-30 00:00:00,2020-07,2020,Technology Management - MS
1678,2020-07-20 00:00:00,2020-07,2020,Business Administration - MBA
1679,2021-04-03 00:00:00,2021-04,2021,Management - MS
1684,2022-07-18 16:19:00,2022-07,2022,Finance - MS
1685,2020-04-27 00:00:00,2020-04,2020,Accounting MS
1687,2020-07-09 00:00:00,2020-07,2020,Real Estate Development - MS
1690,2022-03-16 00:00:00,2022-03,2022,Business Administration - MBA
1693,2019-03-09 00:00:00,2019-03,2019,Accounting MS
1695,2022-04-29 00:00:00,2022-04,2022,Business Administration - MBA
1700,2022-02-18 00:00:00,2022-02,2022,Business - PHD
1701,2021-06-27 00:00:00,2021-06,2021,Management - MS
1703,2022-08-14 00:00:00,2022-08,2022,Business - PHD
1705,2021-06-25 00:00:00,2021-06,2021,Management - MS
1709,2020-06-16 00:00:00,2020-06,2020,Business Administration - MBA
1712,2021-06-21 00:00:00,2021-06,2021,Business Administration - MBA
1713,2021-08-04 15:42:00,2021-08,2021,Finance - MS
1715,2019-08-08 00:00:00,2019-08,2019,Technology Management - MS
1716,2020-06-03 00:00:00,2020-06,2020,Business Administration - MBA
1717,2019-04-22 00:00:00,2019-04,2019,Business Administration - MBA
1718,2021-08-27 00:00:00,2021-08,2021,Real Estate Development - MS
1720,2020-05-10 00:00:00,2020-05,2020,Technology Management - MS
1721,2021-02-21 00:00:00,2021-02,2021,Real Estate Development - MS
1723,2021-08-06 00:00:00,2021-08,2021,Business Administration - MBA
1725,2019-12-25 00:00:00,2019-12,2019,Business Administration - MBA
1728,2022-08-01 00:00:00,2022-08,2022,Business Administration - MBA
1733,2021-08-08 00:00:00,2021-08,2021,Accounting MS
1735,2020-06-05 00:00:00,2020-06,2020,Real Estate Development - MS
1739,2019-10-20 00:00:00,2019-10,2019,Real Estate Development - MS
1744,2022-04-01 00:00:00,2022-04,2022,Business Administration - MBA
1745,2021-05-29 00:00:00,2021-05,2021,Business Administration - MBA
1746,2020-12-22 00:00:00,2020-12,2020,Real Estate Development - MS
1751,2020-01-28 00:00:00,2020-01,2020,Management - MS
1752,2022-08-12 14:15:00,2022-08,2022,Business Administration - MBA
1754,2020-06-08 00:00:00,2020-06,2020,Real Estate Development - MS
1756,2019-08-06 00:00:00,2019-08,2019,Business Administration - MBA
1758,2021-06-09 07:29:00,2021-06,2021,Business Administration - MBA
1759,2020-06-09 00:00:00,2020-06,2020,Business Administration - MBA
1762,2020-11-25 00:00:00,2020-11,2020,Accounting MS
1770,2020-06-03 00:00:00,2020-06,2020,Business Administration - MBA
1771,2021-03-31 00:00:00,2021-03,2021,Accounting MS
1773,2021-02-02 00:00:00,2021-02,2021,Business Administration - MBA
1778,2020-03-13 00:00:00,2020-03,2020,Business Administration - MBA
1780,2020-03-26 00:00:00,2020-03,2020,Management - MS
1781,2019-07-21 00:00:00,2019-07,2019,Business Administration - MBA
1782,2019-03-01 00:00:00,2019-03,2019,Business Administration - MBA
1784,2020-02-09 00:00:00,2020-02,2020,Business Administration - MBA
1785,2020-06-20 00:00:00,2020-06,2020,Business Administration - MBA
1788,2020-07-14 00:00:00,2020-07,2020,Accounting MS
1796,2021-03-23 00:00:00,2021-03,2021,Accounting MS
1797,2020-04-28 00:00:00,2020-04,2020,Accounting MS
1798,2022-08-09 00:00:00,2022-08,2022,Business Administration - MBA
1800,2020-03-23 00:00:00,2020-03,2020,Accounting MS
1805,2020-11-28 00:00:00,2020-11,2020,Technology Management - MS
1807,2021-03-30 00:00:00,2021-03,2021,Business Administration - MBA
1809,2022-04-06 00:00:00,2022-04,2022,Accounting MS
1811,2022-03-16 00:00:00,2022-03,2022,Management - MS
1819,2022-02-12 00:00:00,2022-02,2022,Business Administration - MBA
1821,2019-07-30 00:00:00,2019-07,2019,Accounting MS
1822,2019-03-22 00:00:00,2019-03,2019,Business Administration - MBA
1824,2021-03-22 12:30:00,2021-03,2021,Business Administration - MBA
1827,2021-05-11 00:00:00,2021-05,2021,Accounting MS
1828,2022-04-30 00:00:00,2022-04,2022,Business Administration - MBA
1829,2019-07-12 00:00:00,2019-07,2019,Real Estate Development - MS
1831,2019-04-24 00:00:00,2019-04,2019,Business Administration - MBA
1832,2019-07-15 00:00:00,2019-07,2019,Business Administration - MBA
1835,2022-05-07 14:40:00,2022-05,2022,Management - MS
1836,2022-04-05 00:00:00,2022-04,2022,Accounting MS
1837,2021-07-02 00:00:00,2021-07,2021,Accounting MS
1840,2022-05-19 08:21:00,2022-05,2022,Business Administration - MBA
1841,2021-10-02 00:00:00,2021-10,2021,Real Estate Development - MS
1843,2022-04-21 19:04:00,2022-04,2022,Accounting MS
1846,2022-05-11 00:00:00,2022-05,2022,Business Administration - MBA
1847,2022-03-16 18:48:00,2022-03,2022,Business Administration - MBA
1849,2019-04-14 00:00:00,2019-04,2019,Management - MS
1853,2021-06-14 00:00:00,2021-06,2021,Real Estate Development - MS
1854,2022-02-11 00:00:00,2022-02,2022,Accounting MS
1862,2020-08-12 00:00:00,2020-08,2020,Accounting MS
1864,2019-07-23 00:00:00,2019-07,2019,Real Estate Development - MS
1866,2020-07-11 00:00:00,2020-07,2020,Accounting MS
1868,2021-07-07 13:54:00,2021-07,2021,Finance - MS
1869,2022-02-27 00:00:00,2022-02,2022,Business Administration - MBA
1870,2021-07-13 00:00:00,2021-07,2021,Accounting MS
1873,2020-07-09 00:00:00,2020-07,2020,Business Administration - MBA
1876,2020-03-17 00:00:00,2020-03,2020,Business Administration - MBA
1877,2019-08-01 00:00:00,2019-08,2019,Business Administration - MBA
1878,2022-06-18 00:00:00,2022-06,2022,Business Administration - MBA
1879,2019-07-24 00:00:00,2019-07,2019,Accounting MS
1881,2020-05-10 00:00:00,2020-05,2020,Real Estate Development - MS
1883,2019-08-12 00:00:00,2019-08,2019,Business Administration - MBA
1885,2020-03-24 00:00:00,2020-03,2020,Business Administration - MBA
1890,2019-05-10 00:00:00,2019-05,2019,Management - MS
1891,2022-04-25 00:00:00,2022-04,2022,Accounting MS
1894,2019-06-04 00:00:00,2019-06,2019,Management - MS
1897,2022-04-24 00:00:00,2022-04,2022,Accounting MS
1900,2019-07-07 00:00:00,2019-07,2019,Business Administration - MBA
1902,2020-08-14 00:00:00,2020-08,2020,Management - MS
1904,2022-02-20 00:00:00,2022-02,2022,Accounting MS
1905,2020-06-18 00:00:00,2020-06,2020,Business Administration - MBA
1908,2019-12-03 00:00:00,2019-12,2019,Technology Management - MS
1909,2022-05-21 00:00:00,2022-05,2022,Management - MS
1910,2022-07-25 11:20:00,2022-07,2022,Business Administration - MBA
1913,2019-06-01 00:00:00,2019-06,2019,Accounting MS
1919,2022-01-07 00:00:00,2022-01,2022,Real Estate Development - MS
1922,2022-08-16 00:00:00,2022-08,2022,Business Administration - MBA
1924,2021-12-07 00:00:00,2021-12,2021,Accounting MS
1928,2020-06-12 00:00:00,2020-06,2020,Business Administration - MBA
1929,2021-06-28 00:00:00,2021-06,2021,Real Estate Development - MS
1935,2021-09-22 00:00:00,2021-09,2021,Real Estate Development - MS
1937,2019-07-23 00:00:00,2019-07,2019,Business Administration - MBA
1939,2021-07-20 00:00:00,2021-07,2021,Business Administration - MBA
1940,2020-06-15 00:00:00,2020-06,2020,Business Administration - MBA
1944,2022-02-18 00:00:00,2022-02,2022,Management - MS
1947,2019-07-14 00:00:00,2019-07,2019,Accounting MS
1951,2022-05-18 00:00:00,2022-05,2022,Accounting MS
1952,2022-02-11 00:00:00,2022-02,2022,Accounting MS
1954,2021-11-27 00:00:00,2021-11,2021,Technology Management - MS
1958,2021-07-25 00:00:00,2021-07,2021,Management - MS
1959,2021-03-26 00:00:00,2021-03,2021,Management - MS
1964,2021-02-21 00:00:00,2021-02,2021,Real Estate Development - MS
1965,2020-01-17 00:00:00,2020-01,2020,Business Administration - MBA
1966,2020-08-07 00:00:00,2020-08,2020,Business Administration - MBA
1970,2022-06-16 19:42:00,2022-06,2022,Business Administration - MBA
1971,2021-02-27 00:00:00,2021-02,2021,Accounting MS
1973,2020-06-03 00:00:00,2020-06,2020,Business Administration - MBA
1976,2022-07-31 00:00:00,2022-07,2022,Finance - MS
1978,2021-04-29 14:59:00,2021-04,2021,Business Administration - MBA
1980,2019-07-16 00:00:00,2019-07,2019,Business Administration - MBA
1981,2020-06-22 00:00:00,2020-06,2020,Business Administration - MBA
1983,2020-04-24 00:00:00,2020-04,2020,Accounting MS
1984,2021-06-14 00:00:00,2021-06,2021,Real Estate Development - MS
1990,2020-04-20 00:00:00,2020-04,2020,Business Administration - MBA
1993,2021-02-25 12:13:00,2021-02,2021,Business Administration - MBA
1997,2020-05-10 00:00:00,2020-05,2020,Business Administration - MBA
2004,2021-05-28 00:00:00,2021-05,2021,Management - MS
2005,2020-02-17 00:00:00,2020-02,2020,Business Administration - MBA
2006,2021-05-12 00:00:00,2021-05,2021,Management - MS
2010,2021-08-25 15:32:00,2021-08,2021,Business Administration - MBA
2011,2019-08-06 00:00:00,2019-08,2019,Accounting MS
2016,2019-10-30 00:00:00,2019-10,2019,Real Estate Development - MS
2018,2019-11-15 00:00:00,2019-11,2019,Real Estate Development - MS
2019,2022-07-29 00:00:00,2022-07,2022,Real Estate Development - MS
2020,2022-07-05 00:00:00,2022-07,2022,Technology Management - MS
2022,2021-06-09 19:45:00,2021-06,2021,Business Administration - MBA
2023,2020-06-02 00:00:00,2020-06,2020,Real Estate Development - MS
2025,2021-04-08 00:00:00,2021-04,2021,Business Administration - MBA
2029,2019-05-31 00:00:00,2019-05,2019,Business Administration - MBA
2031,2021-06-20 21:41:00,2021-06,2021,Business Administration - MBA
2032,2019-11-04 00:00:00,2019-11,2019,Business Administration - MBA
2033,2020-03-25 00:00:00,2020-03,2020,Accounting MS
2034,2021-05-11 15:13:00,2021-05,2021,Business Administration - MBA
2035,2022-08-06 00:00:00,2022-08,2022,Business Administration - MBA
2039,2021-05-10 00:00:00,2021-05,2021,Management - MS
2040,2021-02-23 00:00:00,2021-02,2021,Accounting MS
2042,2019-11-05 00:00:00,2019-11,2019,Business Administration - MBA
2043,2020-05-04 00:00:00,2020-05,2020,Business Administration - MBA
2045,2019-06-28 00:00:00,2019-06,2019,Accounting MS
2046,2022-04-14 00:00:00,2022-04,2022,Business Administration - MBA
2049,2022-03-06 00:00:00,2022-03,2022,Business Administration - MBA
2052,2019-03-18 00:00:00,2019-03,2019,Business Administration - MBA
2053,2020-01-28 00:00:00,2020-01,2020,Management - MS
2054,2020-08-03 00:00:00,2020-08,2020,Business Administration - MBA
2057,2019-03-08 00:00:00,2019-03,2019,Accounting MS
2060,2021-01-06 00:00:00,2021-01,2021,Real Estate Development - MS
2062,2019-11-09 00:00:00,2019-11,2019,Management - MS
2064,2021-01-13 00:00:00,2021-01,2021,Real Estate Development - MS
2067,2019-07-10 00:00:00,2019-07,2019,Business Administration - MBA
2074,2020-08-06 00:00:00,2020-08,2020,Accounting MS
2076,2022-02-17 00:00:00,2022-02,2022,Accounting MS
2078,2022-05-09 00:00:00,2022-05,2022,Business Administration - MBA
2079,2019-03-07 00:00:00,2019-03,2019,Business Administration - MBA
2080,2022-03-12 00:00:00,2022-03,2022,Accounting MS
2081,2021-07-13 00:00:00,2021-07,2021,Management - MS
2084,2020-07-09 00:00:00,2020-07,2020,Accounting MS
2087,2021-05-20 00:00:00,2021-05,2021,Accounting MS
2088,2020-07-29 00:00:00,2020-07,2020,Business Administration - MBA
2089,2019-08-13 00:00:00,2019-08,2019,Real Estate Development - MS
2091,2020-05-29 00:00:00,2020-05,2020,Accounting MS
2094,2020-07-31 00:00:00,2020-07,2020,Accounting MS
2095,2021-08-20 00:00:00,2021-08,2021,Accounting MS
2096,2019-06-12 00:00:00,2019-06,2019,Accounting MS
2099,2019-11-24 00:00:00,2019-11,2019,Business Administration - MBA
2104,2022-08-03 00:00:00,2022-08,2022,Business Administration - MBA
2107,2021-04-26 18:56:00,2021-04,2021,Business Administration - MBA
2108,2019-05-06 00:00:00,2019-05,2019,Business Administration - MBA
2110,2020-04-22 00:00:00,2020-04,2020,Accounting MS
2111,2022-05-16 00:00:00,2022-05,2022,Technology Management - MS
2115,2020-06-15 00:00:00,2020-06,2020,Business Administration - MBA
2116,2019-07-23 00:00:00,2019-07,2019,Management - MS
2118,2021-01-08 00:00:00,2021-01,2021,Real Estate Development - MS
2119,2022-06-06 00:00:00,2022-06,2022,Accounting MS
2121,2020-07-10 00:00:00,2020-07,2020,Business Administration - MBA
2122,2020-08-16 00:00:00,2020-08,2020,Real Estate Development - MS
2126,2021-01-04 00:00:00,2021-01,2021,Technology Management - MS
2129,2019-04-06 00:00:00,2019-04,2019,Business Administration - MBA
2130,2020-04-05 00:00:00,2020-04,2020,Accounting MS
2132,2021-04-26 00:00:00,2021-04,2021,Business - PHD
2134,2020-06-15 00:00:00,2020-06,2020,Management - MS
2135,2019-07-11 00:00:00,2019-07,2019,Business Administration - MBA
2139,2019-12-28 00:00:00,2019-12,2019,Accounting MS
2140,2021-07-21 00:00:00,2021-07,2021,Management - MS
2144,2021-08-10 00:00:00,2021-08,2021,Business Administration - MBA
2146,2022-05-26 00:00:00,2022-05,2022,Business Administration - MBA
2150,2022-08-08 16:20:00,2022-08,2022,Finance - MS
2151,2021-07-29 00:00:00,2021-07,2021,Accounting MS
2154,2019-08-12 00:00:00,2019-08,2019,Accounting MS
2156,2019-05-14 00:00:00,2019-05,2019,Business Administration - MBA
2162,2021-03-08 00:00:00,2021-03,2021,Real Estate Development - MS
2165,2019-09-27 00:00:00,2019-09,2019,Management - MS
2167,2022-05-20 00:00:00,2022-05,2022,Technology Management - MS
2168,2020-12-26 00:00:00,2020-12,2020,Technology Management - MS
2169,2022-03-28 00:00:00,2022-03,2022,Business Administration - MBA
2174,2022-06-17 00:00:00,2022-06,2022,Management - MS
2177,2019-07-30 00:00:00,2019-07,2019,Business Administration - MBA
2179,2020-05-22 00:00:00,2020-05,2020,Business Administration - MBA
2180,2020-05-15 00:00:00,2020-05,2020,Business Administration - MBA
2181,2021-03-04 00:00:00,2021-03,2021,Management - MS
2182,2019-07-22 00:00:00,2019-07,2019,Real Estate Development - MS
2183,2021-04-07 00:00:00,2021-04,2021,Accounting MS
2186,2022-01-26 00:00:00,2022-01,2022,Real Estate Development - MS
2187,2021-08-03 21:07:00,2021-08,2021,Finance - MS
2189,2020-07-20 00:00:00,2020-07,2020,Business Administration - MBA
2190,2022-05-24 00:00:00,2022-05,2022,Accounting MS
2191,2022-06-07 00:00:00,2022-06,2022,Management - MS
2193,2022-05-11 00:00:00,2022-05,2022,Business Administration - MBA
2196,2019-02-28 00:00:00,2019-02,2019,Business Administration - MBA
2201,2021-04-15 13:41:00,2021-04,2021,Business Administration - MBA
2203,2021-03-17 00:00:00,2021-03,2021,Real Estate Development - MS
2204,2020-06-02 00:00:00,2020-06,2020,Business Administration - MBA
2206,2021-08-04 16:17:00,2021-08,2021,Finance - MS
2208,2022-05-22 10:33:00,2022-05,2022,Accounting MS
2212,2021-02-17 11:35:00,2021-02,2021,Business Administration - MBA
2214,2022-08-11 00:00:00,2022-08,2022,Business Administration - MBA
2220,2020-03-15 00:00:00,2020-03,2020,Accounting MS
2222,2019-05-23 00:00:00,2019-05,2019,Management - MS
2227,2020-08-04 00:00:00,2020-08,2020,Business Administration - MBA
2228,2019-07-10 00:00:00,2019-07,2019,Real Estate Development - MS
2234,2020-06-22 00:00:00,2020-06,2020,Accounting MS
2235,2019-06-06 00:00:00,2019-06,2019,Business Administration - MBA
2236,2020-08-10 00:00:00,2020-08,2020,Accounting MS
2237,2020-06-21 00:00:00,2020-06,2020,Accounting MS
2238,2021-05-24 00:00:00,2021-05,2021,Accounting MS
2240,2020-05-30 00:00:00,2020-05,2020,Management - MS
2244,2019-03-22 00:00:00,2019-03,2019,Business Administration - MBA
2246,2021-08-01 00:00:00,2021-08,2021,Technology Management - MS
2250,2019-07-24 00:00:00,2019-07,2019,Management - MS
2257,2022-05-10 00:00:00,2022-05,2022,Accounting MS
2258,2021-03-24 00:00:00,2021-03,2021,Real Estate Development - MS
2262,2020-06-24 00:00:00,2020-06,2020,Business Administration - MBA
2264,2022-05-29 00:00:00,2022-05,2022,Business Administration - MBA
2265,2021-03-05 00:00:00,2021-03,2021,Accounting MS
2272,2020-08-11 00:00:00,2020-08,2020,Accounting MS
2273,2021-05-01 00:00:00,2021-05,2021,Management - MS
2276,2019-06-01 00:00:00,2019-06,2019,Accounting MS
2280,2019-06-12 00:00:00,2019-06,2019,Management - MS
2282,2020-06-15 00:00:00,2020-06,2020,Business Administration - MBA
2284,2021-08-12 12:55:00,2021-08,2021,Finance - MS
2285,2021-02-13 00:00:00,2021-02,2021,Business Administration - MBA
2286,2021-03-07 00:00:00,2021-03,2021,Business Administration - MBA
2288,2021-04-29 00:00:00,2021-04,2021,Business Administration - MBA
2289,2022-05-18 00:00:00,2022-05,2022,Accounting MS
2292,2022-07-08 00:00:00,2022-07,2022,Real Estate Development - MS
2293,2022-07-08 00:00:00,2022-07,2022,Business Administration - MBA
2294,2022-07-05 00:00:00,2022-07,2022,Finance - MS
2296,2022-01-10 00:00:00,2022-01,2022,Finance - MS
2303,2021-07-06 14:48:00,2021-07,2021,Finance - MS
2305,2019-05-22 00:00:00,2019-05,2019,Business Administration - MBA
2309,2019-07-22 00:00:00,2019-07,2019,Business Administration - MBA
2310,2022-02-26 17:28:00,2022-02,2022,Business Administration - MBA
2312,2021-08-01 00:00:00,2021-08,2021,Business Administration - MBA
2313,2022-03-06 00:00:00,2022-03,2022,Management - MS
2318,2022-07-02 00:00:00,2022-07,2022,Accounting MS
2320,2020-01-30 00:00:00,2020-01,2020,Business Administration - MBA
2321,2022-08-09 00:00:00,2022-08,2022,Business Administration - MBA
2322,2022-05-16 00:00:00,2022-05,2022,Real Estate Development - MS
2324,2021-08-16 16:12:00,2021-08,2021,Finance - MS
2331,2022-01-10 00:00:00,2022-01,2022,Accounting MS
2332,2022-05-18 00:00:00,2022-05,2022,Business Administration - MBA
2336,2019-12-06 00:00:00,2019-12,2019,Technology Management - MS
2338,2021-12-26 00:00:00,2021-12,2021,Finance - MS
2339,2020-04-05 00:00:00,2020-04,2020,Management - MS
2343,2022-02-18 13:52:00,2022-02,2022,Finance - MS
2345,2019-07-10 00:00:00,2019-07,2019,Business Administration - MBA
2347,2021-06-29 00:00:00,2021-06,2021,Business Administration - MBA
2349,2019-12-31 00:00:00,2019-12,2019,Real Estate Development - MS
2351,2022-06-01 14:13:00,2022-06,2022,Business Administration - MBA
2355,2019-08-24 00:00:00,2019-08,2019,Accounting MS
2356,2020-04-16 00:00:00,2020-04,2020,Business Administration - MBA
2359,2021-02-03 00:00:00,2021-02,2021,Business Administration - MBA
2360,2022-05-18 00:00:00,2022-05,2022,Accounting MS
